ID,Timestamp,Event Type,Details
145,2026-07-26 15:40:20,ATTACK_SIM,Stale Packet sent
144,2026-07-26 15:40:12,COMMAND_SENT,RESTORE_UPLINK - คืนค่าระบบเครือข่ายปกติ
143,2026-07-26 15:40:01,COMMAND_SENT,RESTORE_UPLINK - คืนค่าระบบเครือข่ายปกติ
142,2026-07-26 15:39:50,RECOVERY_STEP,"4. UFW reloaded, services reopened"
141,2026-07-26 15:39:46,RECOVERY_STEP,3. Sent RESTORE_UPLINK command
140,2026-07-26 15:39:41,RECOVERY_STEP,2. Blocked 1.2.3.4 permanently via UFW
139,2026-07-26 15:39:25,RECOVERY_STEP,1. Out-of-band access confirmed (Management VLAN)
138,2026-07-26 15:39:17,UFW_BLOCK,deny from 1.2.3.4 - success
137,2026-07-26 15:38:40,ACK_RECEIVED,OK - uplink cut
136,2026-07-26 15:38:39,DEVICE_STATUS,LOCKDOWN (verified)
135,2026-07-26 15:38:39,COMMAND_SENT,CUT_UPLINK - ตัดการเชื่อมต่อเครือข่าย
134,2026-07-26 15:38:32,DEVICE_STATUS,ONLINE (Boot completed)
133,2026-07-26 15:35:49,ACK_RECEIVED,OK - uplink restored
132,2026-07-26 15:35:48,DEVICE_STATUS,NORMAL (verified)
131,2026-07-26 15:35:48,COMMAND_SENT,RESTORE_UPLINK - คืนค่าระบบเครือข่ายปกติ
130,2026-07-26 15:35:21,ACK_RECEIVED,OK - uplink cut
129,2026-07-26 15:35:20,DEVICE_STATUS,LOCKDOWN (verified)
128,2026-07-26 15:35:20,COMMAND_SENT,CUT_UPLINK - ตัดการเชื่อมต่อเครือข่าย
127,2026-07-26 15:35:15,SECURITY_ALERT,Unauthorized button click attempt (Wrong PIN)
126,2026-07-26 15:35:02,SYSTEM,MQTT Connected successfully
125,2026-07-24 15:39:57,ACK_RECEIVED,OK - uplink restored
124,2026-07-24 15:39:56,DEVICE_STATUS,NORMAL (verified)
123,2026-07-24 15:39:56,COMMAND_SENT,RESTORE_UPLINK - คืนค่าระบบเครือข่ายปกติ
122,2026-07-24 15:39:51,SECURITY_ALERT,Unauthorized button click attempt (Wrong PIN)
121,2026-07-24 15:39:39,RECOVERY_STEP,"4. UFW reloaded, services reopened"
120,2026-07-24 15:39:34,RECOVERY_STEP,2. Blocked 1.2.3.4 permanently via UFW
119,2026-07-24 15:39:15,ACK_RECEIVED,OK - uplink restored
118,2026-07-24 15:39:14,DEVICE_STATUS,NORMAL (verified)
117,2026-07-24 15:39:14,RECOVERY_STEP,3. Sent RESTORE_UPLINK command
116,2026-07-24 15:38:55,RECOVERY_STEP,1. Out-of-band access confirmed (Management VLAN)
115,2026-07-24 15:38:22,UFW_BLOCK,deny from 1.2.3.4 - success
114,2026-07-24 15:38:13,ACK_RECEIVED,OK - uplink cut
113,2026-07-24 15:38:12,DEVICE_STATUS,LOCKDOWN (verified)
112,2026-07-24 15:38:12,COMMAND_SENT,CUT_UPLINK - ตัดการเชื่อมต่อเครือข่าย
111,2026-07-24 15:35:23,SYSTEM,MQTT Connected successfully
110,2026-07-24 15:34:13,RECOVERY_STEP,ทดสอบ: 1. Out-of-band access confirmed (Management VLAN) [manual test]
109,2026-07-24 15:29:17,RECOVERY_STEP,"4. UFW reloaded, services reopened"
108,2026-07-24 15:29:11,ACK_RECEIVED,OK - uplink restored
107,2026-07-24 15:29:09,DEVICE_STATUS,NORMAL (verified)
106,2026-07-24 15:29:09,RECOVERY_STEP,3. Sent RESTORE_UPLINK command
105,2026-07-24 15:28:44,RECOVERY_STEP,1. Out-of-band access confirmed (Management VLAN)
104,2026-07-24 15:27:47,UFW_BLOCK,deny from 1.2.3.4 - success
103,2026-07-24 15:27:26,ACK_RECEIVED,OK - uplink cut
102,2026-07-24 15:27:25,DEVICE_STATUS,LOCKDOWN (verified)
101,2026-07-24 15:27:25,COMMAND_SENT,CUT_UPLINK - ตัดการเชื่อมต่อเครือข่าย
100,2026-07-24 15:26:48,ACK_RECEIVED,OK - uplink restored
99,2026-07-24 15:26:47,DEVICE_STATUS,NORMAL (verified)
98,2026-07-24 15:26:47,COMMAND_SENT,RESTORE_UPLINK - คืนค่าระบบเครือข่ายปกติ
97,2026-07-24 15:26:30,ACK_RECEIVED,OK - uplink cut
96,2026-07-24 15:26:30,DEVICE_STATUS,LOCKDOWN (verified)
95,2026-07-24 15:26:29,COMMAND_SENT,CUT_UPLINK - ตัดการเชื่อมต่อเครือข่าย
94,2026-07-24 15:25:02,SYSTEM,MQTT Connected successfully
93,2026-07-23 18:06:15,ACK_RECEIVED,OK - uplink cut
92,2026-07-23 18:06:14,DEVICE_STATUS,LOCKDOWN (verified)
91,2026-07-23 18:06:14,COMMAND_SENT,CUT_UPLINK - ตัดการเชื่อมต่อเครือข่าย
90,2026-07-23 18:05:59,ACK_RECEIVED,OK - uplink restored
89,2026-07-23 18:05:58,DEVICE_STATUS,NORMAL (verified)
88,2026-07-23 18:05:58,COMMAND_SENT,RESTORE_UPLINK - คืนค่าระบบเครือข่ายปกติ
87,2026-07-23 18:05:28,SYSTEM,MQTT Connected successfully
86,2026-07-23 18:03:28,SYSTEM,MQTT Connected successfully
85,2026-07-23 17:56:39,ACK_RECEIVED,OK - uplink restored
84,2026-07-23 17:56:38,DEVICE_STATUS,NORMAL (verified)
83,2026-07-23 17:56:38,COMMAND_SENT,RESTORE_UPLINK - คืนค่าระบบเครือข่ายปกติ
82,2026-07-23 17:51:39,ACK_RECEIVED,OK - uplink cut
81,2026-07-23 17:51:37,DEVICE_STATUS,LOCKDOWN (verified)
80,2026-07-23 17:51:36,COMMAND_SENT,CUT_UPLINK - ตัดการเชื่อมต่อเครือข่าย
79,2026-07-23 17:50:49,ACK_RECEIVED,OK - uplink restored
78,2026-07-23 17:50:48,DEVICE_STATUS,NORMAL (verified)
77,2026-07-23 17:50:48,COMMAND_SENT,RESTORE_UPLINK - คืนค่าระบบเครือข่ายปกติ
76,2026-07-23 17:50:35,SYSTEM,MQTT Connected successfully
75,2026-07-23 17:49:12,SYSTEM,MQTT Connected successfully
74,2026-07-23 17:27:14,ACK_RECEIVED,OK - uplink restored
73,2026-07-23 17:27:14,DEVICE_STATUS,NORMAL (verified)
72,2026-07-23 17:27:14,COMMAND_SENT,RESTORE_UPLINK - คืนค่าระบบเครือข่ายปกติ
71,2026-07-23 17:26:55,ACK_RECEIVED,OK - uplink cut
70,2026-07-23 17:26:53,DEVICE_STATUS,LOCKDOWN (verified)
69,2026-07-23 17:26:53,COMMAND_SENT,CUT_UPLINK - ตัดการเชื่อมต่อเครือข่าย
68,2026-07-23 17:26:04,DEVICE_STATUS,ONLINE (Boot completed)
67,2026-07-23 17:22:33,ACK_RECEIVED,OK - uplink restored
66,2026-07-23 17:22:33,DEVICE_STATUS,NORMAL (verified)
65,2026-07-23 17:22:33,COMMAND_SENT,RESTORE_UPLINK - คืนค่าระบบเครือข่ายปกติ
64,2026-07-23 17:21:07,DEVICE_STATUS,NORMAL (Heartbeat ยืนยันตัวตนสำเร็จ กลับมาแล้ว)
63,2026-07-23 17:20:51,SYSTEM,MQTT Connected successfully
62,2026-07-23 17:18:30,SYSTEM,MQTT Connected successfully
61,2026-07-23 17:18:01,SYSTEM,MQTT Connected successfully
60,2026-07-23 17:08:31,ATTACK_SIM,Stale Packet sent
59,2026-07-23 17:08:28,COMMAND_SENT,RESTORE_UPLINK - คืนค่าระบบเครือข่ายปกติ
58,2026-07-23 17:08:09,SYSTEM,MQTT Connected successfully
57,2026-07-23 15:29:42,ACK_RECEIVED,STALE - timestamp out of window
56,2026-07-23 15:29:42,ATTACK_SIM,Stale Packet sent
55,2026-07-23 15:29:27,ACK_RECEIVED,STALE - timestamp out of window
54,2026-07-23 15:29:27,ATTACK_SIM,Stale Packet sent
53,2026-07-23 15:29:17,DEVICE_STATUS,NORMAL (Heartbeat ยืนยันตัวตนสำเร็จ กลับมาแล้ว)
52,2026-07-23 15:29:14,ACK_RECEIVED,OK - uplink restored
51,2026-07-23 15:29:14,DEVICE_STATUS,NORMAL (verified)
50,2026-07-23 15:29:14,COMMAND_SENT,RESTORE_UPLINK - คืนค่าระบบเครือข่ายปกติ
49,2026-07-23 15:29:02,SYSTEM,MQTT Connected successfully
48,2026-07-23 14:42:35,ACK_RECEIVED,OK - uplink cut
47,2026-07-23 14:42:34,DEVICE_STATUS,LOCKDOWN (verified)
46,2026-07-23 14:42:34,COMMAND_SENT,CUT_UPLINK - ตัดการเชื่อมต่อเครือข่าย
45,2026-07-23 14:42:22,ACK_RECEIVED,STALE - timestamp out of window
44,2026-07-23 14:42:22,ATTACK_SIM,Stale Packet sent
43,2026-07-23 14:42:01,ACK_RECEIVED,BAD_HMAC - sig mismatch
42,2026-07-23 14:42:01,ATTACK_SIM,Tampered HMAC Packet sent
41,2026-07-23 14:41:54,ACK_RECEIVED,OK - uplink restored
40,2026-07-23 14:41:54,DEVICE_STATUS,NORMAL (verified)
39,2026-07-23 14:41:54,COMMAND_SENT,RESTORE_UPLINK - คืนค่าระบบเครือข่ายปกติ
38,2026-07-23 14:41:37,ACK_RECEIVED,OK - uplink cut
37,2026-07-23 14:41:36,DEVICE_STATUS,LOCKDOWN (verified)
36,2026-07-23 14:41:36,COMMAND_SENT,CUT_UPLINK - ตัดการเชื่อมต่อเครือข่าย
35,2026-07-23 14:41:10,ACK_RECEIVED,OK - uplink restored
34,2026-07-23 14:41:10,DEVICE_STATUS,NORMAL (verified)
33,2026-07-23 14:41:10,COMMAND_SENT,RESTORE_UPLINK - คืนค่าระบบเครือข่ายปกติ
32,2026-07-23 14:40:23,DEVICE_STATUS,ONLINE (Boot completed)
31,2026-07-23 14:39:17,SYSTEM,MQTT Connected successfully
30,2026-07-23 14:30:32,SYSTEM,MQTT Connected successfully
29,2026-07-23 11:31:57,ACK_RECEIVED,OK - uplink restored
28,2026-07-23 11:31:57,DEVICE_STATUS,NORMAL (verified)
27,2026-07-23 11:31:57,COMMAND_SENT,RESTORE_UPLINK - คืนค่าระบบเครือข่ายปกติ
26,2026-07-23 11:31:43,SYSTEM,MQTT Connected successfully
25,2026-07-23 04:18:46,ACK_RECEIVED,OK - uplink cut
24,2026-07-23 04:18:43,DEVICE_STATUS,LOCKDOWN (verified)
23,2026-07-23 04:18:43,COMMAND_SENT,CUT_UPLINK - ตัดการเชื่อมต่อเครือข่าย
22,2026-07-23 04:18:32,ACK_RECEIVED,OK - uplink restored
21,2026-07-23 04:18:32,DEVICE_STATUS,NORMAL (verified)
20,2026-07-23 04:18:32,COMMAND_SENT,RESTORE_UPLINK - คืนค่าระบบเครือข่ายปกติ
19,2026-07-23 04:18:28,DEVICE_STATUS,NORMAL (Heartbeat ยืนยันตัวตนสำเร็จ กลับมาแล้ว)
18,2026-07-23 04:18:23,SECURITY_ALERT,Unauthorized button click attempt (Wrong PIN)
17,2026-07-23 04:18:12,SYSTEM,MQTT Connected successfully
16,2026-07-23 04:16:29,SYSTEM,MQTT Connected successfully
15,2026-07-23 04:15:37,ACK_RECEIVED,OK - uplink cut
14,2026-07-23 04:15:37,DEVICE_STATUS,LOCKDOWN (verified)
13,2026-07-23 04:15:37,COMMAND_SENT,CUT_UPLINK - ตัดการเชื่อมต่อเครือข่าย
12,2026-07-23 04:15:11,ACK_RECEIVED,OK - uplink restored
11,2026-07-23 04:15:10,DEVICE_STATUS,NORMAL (verified)
10,2026-07-23 04:15:10,COMMAND_SENT,RESTORE_UPLINK - คืนค่าระบบเครือข่ายปกติ
9,2026-07-23 04:13:21,ACK_RECEIVED,OK - uplink cut
8,2026-07-23 04:13:21,DEVICE_STATUS,LOCKDOWN (verified)
7,2026-07-23 04:13:21,COMMAND_SENT,CUT_UPLINK - ตัดการเชื่อมต่อเครือข่าย
6,2026-07-23 04:02:02,ACK_RECEIVED,OK - uplink restored
5,2026-07-23 04:02:02,DEVICE_STATUS,NORMAL (verified)
4,2026-07-23 04:02:02,COMMAND_SENT,RESTORE_UPLINK - คืนค่าระบบเครือข่ายปกติ
3,2026-07-23 04:01:56,SECURITY_ALERT,Unauthorized button click attempt (Wrong PIN)
2,2026-07-23 04:01:26,DEVICE_STATUS,ONLINE (Boot completed)
1,2026-07-23 03:59:50,SYSTEM,MQTT Connected successfully
